{
	"NAB":
		{
			"ec2_request_latency_system_failure_": 
				{
					"lm_d": "(0.99, 1)",
					"lr_d": 0.009,
				},
			"machine_temperature_system_failure_": 
				{
					"lm_d": "(0.989, 1.01)",
					"lr_d": 0.009,
				},
			"ambient_temperature_system_failure_": 
				{
					"lm_d": "(0.992, 1)",
					"lr_d": 0.009,
				}
		},
	"UCR":
		{
			"135_": 
				{
					"lm_d": "(0.985, 1)",
					"lr_d": 0.005,
				},
			"136_": 
				{
					"lm_d": "(0.99935, 1)",
					"lr_d": 0.006,
				},
			"137_": 
				{
					"lm_d": "(0.996, 1)",
					"lr_d": 0.005,
				},
			"138_":  
				{
					"lm_d": "(0.99, 0.99)",
					"lr_d": 0.001,
				}
		},
	"MBA":
		{
			"": 
				{
					"lm_d": "(0.93, 1.04)",
					"lr_d": 0.001,
				}
		},
	"SMAP":
		{
			"P-1_":
				{
					"lm_d": "(0.98, 1)",
					"lr_d": 0.001,
				},
			"A-4_":
				{
					"lm_d": "(0.991, 1.06)",
					"lr_d": 0.001,
				}
		},
	"MSL":
		{
			"C-1_":
				{
					"lm_d": "(0.999, 1.04)",
					"lr_d": 0.005,
				},
			"C-2_":
				{
					"lm_d": "(0.9999, 1.5)",
					"lr_d": 0.005,
				},
			"T-4_":
				{
					"lm_d": "(0.9999, 1.5)",
					"lr_d": 0.005,
				}
		},
	"SWaT":
		{
			"": 
				{
					"lm_d": "(0.993, 1)",
					"lr_d": 0.008,
				}
		},
	"WADI":
		{
			"": 
				{
					"lm_d": "(0.999, 1)",
					"lr_d": 0.0001,
				}
		},
	"SMD":
		{
			"machine-1-1_": 
				{
					"lm_d": "(0.99995, 1.06)",
					"lr_d": 0.0001,
				},
			"machine-2-1_": 
				{
					"lm_d": "(0.95, 0.9)",
					"lr_d": 0.0001,
				},
			"machine-3-2_": 
				{
					"lm_d": "(0.99, 1)",
					"lr_d": 0.0001,
				},
			"machine-3-7_": 
				{
					"lm_d": "(0.99995, 1.06)",
					"lr_d": 0.0001,
				}
		},
	"MSDS":
		{
			"": 
				{
					"lm_d": "(0.9, 1.04)",
					"lr_d": 0.0001,
				}
		},
}